Cod_Municipio;RRAS;Ano2018;Ano2019;Ano2020;Ano2021;Ano2022;Ano2023
350010 ADAMANTINA;RRAS10;366;393;383;350;381;360
350020 ADOLFO;RRAS12;46;41;44;44;54;49
350030 AGUAI;RRAS15;451;420;383;367;370;378
350040 AGUAS DA PRATA;RRAS15;85;52;66;62;69;57
350050 AGUAS DE LINDOIA;RRAS15;198;258;249;224;213;221
350055 AGUAS DE SANTA BARBARA;RRAS9;65;68;72;72;65;73
350060 AGUAS DE SAO PEDRO;RRAS14;26;19;35;28;21;30
350070 AGUDOS;RRAS9;543;530;491;488;479;469
350075 ALAMBARI;RRAS8;69;80;64;70;71;66
350080 ALFREDO MARCONDES;RRAS11;60;44;40;49;39;46
350090 ALTAIR;RRAS13;40;45;35;37;40;24
350100 ALTINOPOLIS;RRAS13;187;197;164;182;182;153
350110 ALTO ALEGRE;RRAS19;33;34;37;32;29;37
350115 ALUMINIO;RRAS8;211;243;201;222;182;174
350120 ALVARES FLORENCE;RRAS12;28;32;32;29;34;35
350130 ALVARES MACHADO;RRAS11;334;326;319;302;331;335
350140 ALVARO DE CARVALHO;RRAS10;42;52;33;29;32;32
350150 ALVINLANDIA;RRAS10;53;44;36;33;26;34
350160 AMERICANA;RRAS15;2680;2642;2425;2402;2443;2311
350170 AMERICO BRASILIENSE;RRAS18;447;459;414;410;352;368
350180 AMERICO DE CAMPOS;RRAS12;62;58;60;52;41;53
350190 AMPARO;RRAS15;854;834;775;775;712;721
350200 ANALANDIA;RRAS14;47;39;42;40;53;52
350210 ANDRADINA;RRAS19;739;667;641;650;582;554
350220 ANGATUBA;RRAS8;337;307;316;336;321;319
350230 ANHEMBI;RRAS9;92;82;69;69;66;69
350240 ANHUMAS;RRAS11;55;51;56;38;50;53
350250 APARECIDA;RRAS17;418;417;352;352;327;304
350260 APARECIDA D'OESTE;RRAS12;48;40;34;40;47;37
350270 APIAI;RRAS8;345;333;363;300;289;316
350275 ARACARIGUAMA;RRAS8;372;385;334;316;352;331
350280 ARACATUBA;RRAS19;2426;2394;2199;2109;2013;1975
350290 ARACOIABA DA SERRA;RRAS8;360;371;353;354;366;377
350300 ARAMINA;RRAS13;72;64;73;56;60;67
350310 ARANDU;RRAS9;84;90;83;85;77;82
350315 ARAPEI;RRAS17;16;12;13;19;23;27
350320 ARARAQUARA;RRAS18;2803;2598;2582;2606;2499;2527
350330 ARARAS;RRAS14;1579;1554;1498;1423;1435;1312
350335 ARCO-IRIS;RRAS10;19;19;22;18;14;24
350340 AREALVA;RRAS9;64;77;110;86;97;76
350350 AREIAS;RRAS17;46;39;35;55;38;53
350360 AREIOPOLIS;RRAS9;144;120;129;116;120;127
350370 ARIRANHA;RRAS12;88;86;60;90;78;46
350380 ARTUR NOGUEIRA;RRAS15;663;606;587;623;611;605
350390 ARUJA;RRAS2;1405;1389;1363;1339;1321;1290
350395 ASPASIA;RRAS12;20;21;23;20;21;19
350400 ASSIS;RRAS10;1230;1203;1084;1028;963;1041
350410 ATIBAIA;RRAS16;2126;2089;1964;2005;1993;2026
350420 AURIFLAMA;RRAS19;140;153;158;128;143;132
350430 AVAI;RRAS9;58;58;71;64;74;70
350440 AVANHANDAVA;RRAS19;147;127;125;130;116;130
350450 AVARE;RRAS9;1371;1185;1225;1136;1087;1041
350460 BADY BASSITT;RRAS12;277;307;327;355;338;365
350470 BALBINOS;RRAS9;15;8;11;14;14;17
350480 BALSAMO;RRAS12;82;93;93;82;101;95
350490 BANANAL;RRAS17;82;88;92;89;75;93
350500 BARAO DE ANTONINA;RRAS9;43;30;47;49;49;47
350510 BARBOSA;RRAS19;97;83;64;72;77;66
350520 BARIRI;RRAS9;412;403;373;359;341;373
350530 BARRA BONITA;RRAS9;350;311;291;329;305;275
350535 BARRA DO CHAPEU;RRAS8;84;74;85;78;87;69
350540 BARRA DO TURVO;RRAS7;83;88;89;82;57;78
350550 BARRETOS;RRAS13;1526;1435;1441;1404;1392;1374
350560 BARRINHA;RRAS13;491;428;449;380;379;419
350570 BARUERI;RRAS5;5779;5729;5488;5216;5234;5102
350580 BASTOS;RRAS10;294;298;256;266;266;231
350590 BATATAIS;RRAS13;742;746;725;673;621;631
350600 BAURU;RRAS9;4634;4582;4384;4282;4315;4218
350610 BEBEDOURO;RRAS13;930;918;914;782;785;783
350620 BENTO DE ABREU;RRAS19;26;34;32;27;32;33
350630 BERNARDINO DE CAMPOS;RRAS10;134;150;97;105;110;109
350635 BERTIOGA;RRAS7;1045;963;955;980;954;991
350640 BILAC;RRAS19;69;83;64;46;64;49
350650 BIRIGUI;RRAS19;1512;1402;1268;1273;1187;1209
350660 BIRITIBA-MIRIM;RRAS2;372;406;345;360;358;336
350670 BOA ESPERANCA DO SUL;RRAS18;169;169;183;171;174;149
350680 BOCAINA;RRAS9;153;127;126;115;124;122
350690 BOFETE;RRAS9;147;121;99;109;121;129
350700 BOITUVA;RRAS8;857;756;762;753;790;810
350710 BOM JESUS DOS PERDOES;RRAS16;319;322;336;283;298;299
350715 BOM SUCESSO DE ITARARE;RRAS8;57;66;64;64;74;50
350720 BORA;RRAS10;16;12;15;6;4;-
350730 BORACEIA;RRAS9;56;65;56;69;72;58
350740 BORBOREMA;RRAS18;141;139;136;115;137;128
350745 BOREBI;RRAS9;28;22;41;34;24;34
350750 BOTUCATU;RRAS9;1818;1722;1646;1606;1563;1559
350760 BRAGANCA PAULISTA;RRAS16;2271;2116;2161;2099;2253;2219
350770 BRAUNA;RRAS19;77;65;60;71;64;62
350775 BREJO ALEGRE;RRAS19;23;27;17;26;24;27
350780 BRODOWSKI;RRAS13;335;311;294;306;270;259
350790 BROTAS;RRAS9;334;300;295;290;261;273
350800 BURI;RRAS8;340;301;311;269;288;297
350810 BURITAMA;RRAS19;206;202;174;154;165;177
350820 BURITIZAL;RRAS13;44;48;50;38;50;39
350830 CABRALIA PAULISTA;RRAS9;60;56;46;40;42;47
350840 CABREUVA;RRAS16;764;714;728;742;731;730
350850 CACAPAVA;RRAS17;1306;1242;1135;1096;1079;1041
350860 CACHOEIRA PAULISTA;RRAS17;424;387;436;342;339;346
350870 CACONDE;RRAS15;219;201;215;183;171;190
350880 CAFELANDIA;RRAS9;233;245;224;195;184;180
350890 CAIABU;RRAS11;42;38;49;46;37;40
350900 CAIEIRAS;RRAS3;1424;1367;1287;1256;1185;1147
350910 CAIUA;RRAS11;48;43;31;34;29;32
350920 CAJAMAR;RRAS3;1246;1332;1320;1287;1298;1305
350925 CAJATI;RRAS7;466;431;430;421;432;411
350930 CAJOBI;RRAS13;92;114;99;87;85;72
350940 CAJURU;RRAS13;357;324;318;315;347;254
350945 CAMPINA DO MONTE ALEGRE;RRAS8;95;66;80;63;72;69
350950 CAMPINAS;RRAS15;15060;14583;13637;12839;12654;12258
350960 CAMPO LIMPO PAULISTA;RRAS16;1018;943;913;883;843;881
350970 CAMPOS DO JORDAO;RRAS17;762;724;675;623;706;657
350980 CAMPOS NOVOS PAULISTA;RRAS10;59;64;57;59;47;50
350990 CANANEIA;RRAS7;182;174;173;168;170;158
350995 CANAS;RRAS17;83;72;73;80;62;79
351000 CANDIDO MOTA;RRAS10;322;338;332;332;301;333
351010 CANDIDO RODRIGUES;RRAS18;29;30;22;21;36;19
351015 CANITAR;RRAS10;67;73;90;89;100;98
351020 CAPAO BONITO;RRAS8;659;638;580;631;555;588
351030 CAPELA DO ALTO;RRAS8;308;243;290;289;295;276
351040 CAPIVARI;RRAS14;683;684;692;608;678;619
351050 CARAGUATATUBA;RRAS17;1840;1714;1774;1596;1705;1627
351060 CARAPICUIBA;RRAS5;6998;6561;5671;5611;5342;5048
351070 CARDOSO;RRAS12;113;103;95;88;103;106
351080 CASA BRANCA;RRAS15;312;296;275;242;292;269
351090 CASSIA DOS COQUEIROS;RRAS13;24;21;14;13;16;15
351100 CASTILHO;RRAS19;223;257;192;212;194;204
351110 CATANDUVA;RRAS12;1347;1329;1288;1164;1192;1153
351120 CATIGUA;RRAS12;75;64;74;75;60;52
351130 CEDRAL;RRAS12;115;118;119;139;137;136
351140 CERQUEIRA CESAR;RRAS9;263;267;233;242;220;248
351150 CERQUILHO;RRAS8;506;508;467;451;475;478
351160 CESARIO LANGE;RRAS8;247;233;240;226;238;251
351170 CHARQUEADA;RRAS14;225;175;181;186;192;178
355720 CHAVANTES;RRAS10;182;154;135;149;138;135
351190 CLEMENTINA;RRAS19;116;98;85;81;88;84
351200 COLINA;RRAS13;229;201;191;235;218;204
351210 COLOMBIA;RRAS13;102;90;67;87;79;104
351220 CONCHAL;RRAS14;486;447;398;385;413;372
351230 CONCHAS;RRAS9;216;209;165;192;171;187
351240 CORDEIROPOLIS;RRAS14;288;290;297;251;293;273
351250 COROADOS;RRAS19;58;54;59;38;47;47
351260 CORONEL MACEDO;RRAS9;41;52;51;44;41;44
351270 CORUMBATAI;RRAS14;45;58;57;38;40;40
351280 COSMOPOLIS;RRAS15;756;653;640;665;616;610
351290 COSMORAMA;RRAS12;92;94;98;78;102;84
351300 COTIA;RRAS4;4214;4189;3978;3809;3692;3560
351310 CRAVINHOS;RRAS13;414;400;396;371;360;353
351320 CRISTAIS PAULISTA;RRAS13;104;115;104;120;109;94
351330 CRUZALIA;RRAS10;26;14;22;22;12;22
351340 CRUZEIRO;RRAS17;924;885;877;871;854;760
351350 CUBATAO;RRAS7;1624;1489;1600;1399;1341;1304
351360 CUNHA;RRAS17;249;262;231;226;241;229
351370 DESCALVADO;RRAS18;366;341;350;325;287;324
351380 DIADEMA;RRAS1;5584;5412;4805;4482;4235;4230
351385 DIRCE REIS;RRAS12;13;15;25;15;12;13
351390 DIVINOLANDIA;RRAS15;129;139;118;112;115;126
351400 DOBRADA;RRAS18;99;99;103;93;107;111
351410 DOIS CORREGOS;RRAS9;331;303;285;273;271;285
351420 DOLCINOPOLIS;RRAS12;19;22;30;30;23;20
351430 DOURADO;RRAS18;85;90;75;81;85;82
351440 DRACENA;RRAS11;497;496;471;419;499;448
351450 DUARTINA;RRAS9;135;150;126;141;135;147
351460 DUMONT;RRAS13;128;108;111;111;107;85
351470 ECHAPORA;RRAS10;89;81;85;66;82;79
351480 ELDORADO;RRAS7;238;183;191;203;146;165
351490 ELIAS FAUSTO;RRAS14;214;204;208;185;190;180
351492 ELISIARIO;RRAS12;34;35;22;29;18;29
351495 EMBAUBA;RRAS12;24;23;28;23;14;19
351500 EMBU DAS ARTES;RRAS4;4223;4024;3588;3592;3440;3332
351510 EMBU-GUACU;RRAS4;958;857;845;787;755;804
351512 EMILIANOPOLIS;RRAS11;35;33;32;20;24;41
351515 ENGENHEIRO COELHO;RRAS14;291;261;277;272;256;281
351518 ESPIRITO SANTO DO PINHAL;RRAS15;476;441;434;397;394;413
351519 ESPIRITO SANTO DO TURVO;RRAS10;59;76;54;61;70;72
355730 ESTIVA GERBI;RRAS15;137;145;128;127;126;129
351530 ESTRELA DO NORTE;RRAS11;32;42;29;17;23;16
351520 ESTRELA D'OESTE;RRAS12;83;95;89;99;84;99
351535 EUCLIDES DA CUNHA PAULISTA;RRAS11;111;102;102;80;93;86
351540 FARTURA;RRAS9;210;226;189;214;179;166
351560 FERNANDO PRESTES;RRAS12;56;48;55;56;57;45
351550 FERNANDOPOLIS;RRAS12;800;754;690;734;751;673
351565 FERNAO;RRAS10;23;15;19;19;19;18
351570 FERRAZ DE VASCONCELOS;RRAS2;2846;2777;2607;2430;2373;2279
351580 FLORA RICA;RRAS11;12;15;14;12;16;15
351590 FLOREAL;RRAS12;27;14;23;17;19;19
351600 FLORIDA PAULISTA;RRAS10;95;112;115;90;89;109
351610 FLORINIA;RRAS10;21;31;31;22;30;29
351620 FRANCA;RRAS13;4976;4657;4446;4219;4229;4255
351630 FRANCISCO MORATO;RRAS3;2880;2838;2604;2684;2597;2489
351640 FRANCO DA ROCHA;RRAS3;2204;2160;1955;2035;1943;1833
351650 GABRIEL MONTEIRO;RRAS19;38;22;30;24;21;29
351660 GALIA;RRAS10;79;64;62;54;53;49
351670 GARCA;RRAS10;528;516;484;490;449;454
351680 GASTAO VIDIGAL;RRAS12;35;29;45;31;26;33
351685 GAVIAO PEIXOTO;RRAS18;61;78;69;61;47;73
351690 GENERAL SALGADO;RRAS12;121;93;85;94;96;111
351700 GETULINA;RRAS9;92;91;87;87;79;74
351710 GLICERIO;RRAS19;53;51;45;52;38;41
351720 GUAICARA;RRAS9;140;142;144;122;146;153
351730 GUAIMBE;RRAS10;50;72;75;61;51;53
351740 GUAIRA;RRAS13;457;487;424;425;437;431
351750 GUAPIACU;RRAS12;254;238;251;255;236;255
351760 GUAPIARA;RRAS8;259;248;194;209;194;180
351770 GUARA;RRAS13;235;219;195;191;201;186
351780 GUARACAI;RRAS19;77;75;66;69;47;50
351790 GUARACI;RRAS13;111;114;111;105;117;90
351800 GUARANI D'OESTE;RRAS12;25;24;15;17;22;16
351810 GUARANTA;RRAS10;80;63;52;70;85;52
351820 GUARARAPES;RRAS19;339;357;340;317;307;278
351830 GUARAREMA;RRAS2;419;412;432;392;340;327
351840 GUARATINGUETA;RRAS17;1481;1567;1479;1380;1315;1324
351850 GUAREI;RRAS8;179;158;144;125;133;144
351860 GUARIBA;RRAS13;528;480;485;411;449;377
351870 GUARUJA;RRAS7;4497;4139;3975;3804;3667;3485
351880 GUARULHOS;RRAS2;21112;20479;19175;18279;17612;17504
351885 GUATAPARA;RRAS13;88;104;85;80;80;88
351890 GUZOLANDIA;RRAS19;51;49;55;49;43;55
351900 HERCULANDIA;RRAS10;90;116;114;121;107;109
351905 HOLAMBRA;RRAS15;206;185;213;206;232;215
351907 HORTOLANDIA;RRAS15;3054;2954;2832;2742;2719;2823
351910 IACANGA;RRAS9;138;154;121;124;133;124
351920 IACRI;RRAS10;68;63;58;49;67;72
351925 IARAS;RRAS9;68;77;78;63;73;71
351930 IBATE;RRAS18;524;514;482;472;426;420
351940 IBIRA;RRAS12;128;141;131;121;130;129
351950 IBIRAREMA;RRAS10;76;60;70;74;60;61
351960 IBITINGA;RRAS18;784;757;743;720;718;680
351970 IBIUNA;RRAS8;1045;1050;992;982;1048;940
351980 ICEM;RRAS12;100;89;85;80;91;76
351990 IEPE;RRAS11;109;77;81;97;85;92
352000 IGARACU DO TIETE;RRAS9;297;279;263;231;229;228
352010 IGARAPAVA;RRAS13;316;294;285;285;279;266
352020 IGARATA;RRAS17;146;139;142;138;139;124
352030 IGUAPE;RRAS7;373;330;325;298;306;285
352042 ILHA COMPRIDA;RRAS7;174;150;145;113;146;140
352044 ILHA SOLTEIRA;RRAS19;261;255;225;250;216;201
352040 ILHABELA;RRAS17;508;541;488;459;485;490
352050 INDAIATUBA;RRAS15;3357;3227;3113;3105;3204;3089
352060 INDIANA;RRAS11;70;56;60;54;31;59
352070 INDIAPORA;RRAS12;41;34;29;35;41;35
352080 INUBIA PAULISTA;RRAS10;43;25;34;36;37;26
352090 IPAUSSU;RRAS10;190;187;178;154;173;142
352100 IPERO;RRAS8;322;367;351;344;377;324
352110 IPEUNA;RRAS14;88;81;79;83;65;85
352115 IPIGUA;RRAS12;87;83;86;68;73;85
352120 IPORANGA;RRAS7;49;45;34;60;49;48
352130 IPUA;RRAS13;176;169;160;178;147;156
352140 IRACEMAPOLIS;RRAS14;292;252;259;234;221;203
352150 IRAPUA;RRAS12;86;74;91;70;53;100
352160 IRAPURU;RRAS11;66;66;54;58;55;64
352170 ITABERA;RRAS8;214;259;235;223;201;230
352180 ITAI;RRAS9;335;327;292;278;342;273
352190 ITAJOBI;RRAS12;167;229;178;195;202;212
352200 ITAJU;RRAS9;40;35;40;44;36;46
352210 ITANHAEM;RRAS7;1463;1340;1403;1285;1328;1310
352215 ITAOCA;RRAS8;46;39;34;46;44;43
352220 ITAPECERICA DA SERRA;RRAS4;2676;2554;2401;2252;2076;2090
352230 ITAPETININGA;RRAS8;2203;2100;2086;1892;1954;1923
352240 ITAPEVA;RRAS8;1424;1463;1374;1304;1252;1309
352250 ITAPEVI;RRAS5;4132;4001;3778;3634;3551;3469
352260 ITAPIRA;RRAS15;851;821;701;709;653;734
352265 ITAPIRAPUA PAULISTA;RRAS8;59;74;75;57;75;62
352270 ITAPOLIS;RRAS18;483;467;415;409;423;375
352280 ITAPORANGA;RRAS9;167;177;174;151;170;160
352290 ITAPUI;RRAS9;154;193;194;218;192;187
352300 ITAPURA;RRAS19;57;49;43;33;44;46
352310 ITAQUAQUECETUBA;RRAS2;6094;5867;5589;5076;5164;5077
352320 ITARARE;RRAS8;668;621;569;563;567;570
352330 ITARIRI;RRAS7;211;159;161;161;153;151
352340 ITATIBA;RRAS15;1452;1418;1348;1326;1340;1287
352350 ITATINGA;RRAS9;245;264;237;255;249;226
352360 ITIRAPINA;RRAS14;178;161;159;162;157;135
352370 ITIRAPUA;RRAS13;67;74;71;87;52;62
352380 ITOBI;RRAS15;85;85;95;81;81;74
352390 ITU;RRAS8;2227;2248;2245;2131;2096;2013
352400 ITUPEVA;RRAS16;864;869;842;846;891;963
352410 ITUVERAVA;RRAS13;453;434;481;386;460;412
352420 JABORANDI;RRAS13;68;62;59;57;54;47
352430 JABOTICABAL;RRAS13;785;766;753;728;729;720
352440 JACAREI;RRAS17;3000;2889;2774;2587;2680;2642
352450 JACI;RRAS12;95;94;105;84;84;90
352460 JACUPIRANGA;RRAS7;244;228;238;225;181;193
352470 JAGUARIUNA;RRAS15;828;778;707;728;781;717
352480 JALES;RRAS12;502;529;530;475;500;497
352490 JAMBEIRO;RRAS17;75;67;65;71;56;73
352500 JANDIRA;RRAS5;1676;1596;1483;1456;1315;1287
352510 JARDINOPOLIS;RRAS13;586;593;546;535;507;475
352520 JARINU;RRAS16;484;495;414;451;422;466
352530 JAU;RRAS9;1677;1534;1495;1409;1481;1504
352540 JERIQUARA;RRAS13;47;27;43;58;43;44
352550 JOANOPOLIS;RRAS16;157;155;152;124;122;140
352560 JOAO RAMALHO;RRAS11;52;49;54;52;58;41
352570 JOSE BONIFACIO;RRAS12;437;449;424;449;422;424
352580 JULIO MESQUITA;RRAS10;58;63;57;60;56;66
352585 JUMIRIM;RRAS8;39;40;35;43;40;35
352590 JUNDIAI;RRAS16;6366;6144;5794;5533;5447;5294
352600 JUNQUEIROPOLIS;RRAS11;240;235;216;199;195;187
352610 JUQUIA;RRAS7;286;281;238;217;263;208
352620 JUQUITIBA;RRAS4;477;452;426;350;345;354
352630 LAGOINHA;RRAS17;37;55;37;47;39;38
352640 LARANJAL PAULISTA;RRAS9;417;362;370;354;335;317
352650 LAVINIA;RRAS19;43;45;43;32;54;36
352660 LAVRINHAS;RRAS17;99;82;107;94;97;89
352670 LEME;RRAS14;1197;1125;1210;1019;1015;1005
352680 LENCOIS PAULISTA;RRAS9;836;814;807;837;827;789
352690 LIMEIRA;RRAS14;3905;3499;3343;3198;3255;3148
352700 LINDOIA;RRAS15;75;73;72;85;63;67
352710 LINS;RRAS9;1016;905;868;814;797;838
352720 LORENA;RRAS17;1242;1098;1040;1101;1028;1011
352725 LOURDES;RRAS19;20;13;21;16;18;17
352730 LOUVEIRA;RRAS16;792;808;781;740;711;722
352740 LUCELIA;RRAS10;192;203;192;179;172;155
352750 LUCIANOPOLIS;RRAS9;26;25;28;28;24;31
352760 LUIS ANTONIO;RRAS13;166;154;150;170;146;139
352770 LUIZIANIA;RRAS19;67;56;53;72;69;66
352780 LUPERCIO;RRAS10;54;43;48;44;45;47
352790 LUTECIA;RRAS10;35;36;23;38;20;33
352800 MACATUBA;RRAS9;190;201;200;203;161;185
352810 MACAUBAL;RRAS12;81;79;66;63;73;68
352820 MACEDONIA;RRAS12;38;39;36;41;40;34
352830 MAGDA;RRAS12;29;29;20;18;26;21
352840 MAIRINQUE;RRAS8;651;685;653;613;583;628
352850 MAIRIPORA;RRAS3;1124;1020;1053;1016;949;910
352860 MANDURI;RRAS9;95;115;92;103;82;90
352870 MARABA PAULISTA;RRAS11;34;39;38;35;31;36
352880 MARACAI;RRAS10;171;144;168;142;106;124
352885 MARAPOAMA;RRAS12;42;31;37;31;32;46
352890 MARIAPOLIS;RRAS10;36;43;32;37;28;43
352900 MARILIA;RRAS10;3114;3051;2932;2786;2812;2628
352910 MARINOPOLIS;RRAS12;15;14;15;15;17;18
352920 MARTINOPOLIS;RRAS11;305;311;277;275;260;272
352930 MATAO;RRAS18;959;943;872;794;786;839
352940 MAUA;RRAS1;5501;5091;4909;4562;4390;4404
352950 MENDONCA;RRAS12;71;82;73;57;76;70
352960 MERIDIANO;RRAS12;30;35;46;39;38;34
352965 MESOPOLIS;RRAS12;25;32;19;23;20;16
352970 MIGUELOPOLIS;RRAS13;269;228;264;216;228;204
352980 MINEIROS DO TIETE;RRAS9;158;153;119;113;135;118
353000 MIRA ESTRELA;RRAS12;38;26;24;29;25;32
352990 MIRACATU;RRAS7;296;307;271;279;245;233
353010 MIRANDOPOLIS;RRAS19;279;239;230;242;204;223
353020 MIRANTE DO PARANAPANEMA;RRAS11;183;174;163;167;164;134
353030 MIRASSOL;RRAS12;776;732;762;703;725;664
353040 MIRASSOLANDIA;RRAS12;61;62;49;65;45;58
353050 MOCOCA;RRAS15;799;750;691;695;715;658
353060 MOGI DAS CRUZES;RRAS2;6524;6370;5989;5662;5393;5223
353070 MOGI GUACU;RRAS15;1979;1914;1800;1696;1741;1751
353080 MOGI MIRIM;RRAS15;1046;1043;944;941;909;931
353090 MOMBUCA;RRAS14;59;50;59;53;52;40
353100 MONCOES;RRAS12;32;21;16;15;14;10
353110 MONGAGUA;RRAS7;783;720;750;747;703;667
353120 MONTE ALEGRE DO SUL;RRAS15;59;86;58;65;73;66
353130 MONTE ALTO;RRAS13;523;570;467;454;464;422
353140 MONTE APRAZIVEL;RRAS12;254;241;261;190;215;251
353150 MONTE AZUL PAULISTA;RRAS13;218;217;200;216;202;185
353160 MONTE CASTELO;RRAS11;48;57;38;44;49;30
353180 MONTE MOR;RRAS15;860;964;853;880;893;821
353170 MONTEIRO LOBATO;RRAS17;34;34;41;40;43;54
353190 MORRO AGUDO;RRAS13;394;381;349;300;315;332
353200 MORUNGABA;RRAS15;183;156;164;148;190;179
353205 MOTUCA;RRAS18;53;52;39;36;23;32
353210 MURUTINGA DO SUL;RRAS19;33;27;24;26;32;25
353215 NANTES;RRAS11;36;39;39;31;41;29
353220 NARANDIBA;RRAS11;66;80;73;91;77;88
353230 NATIVIDADE DA SERRA;RRAS17;65;55;53;56;64;62
353240 NAZARE PAULISTA;RRAS16;239;223;208;232;209;207
353250 NEVES PAULISTA;RRAS12;109;87;87;84;88;85
353260 NHANDEARA;RRAS12;108;71;93;74;75;83
353270 NIPOA;RRAS12;82;57;60;59;67;62
353280 NOVA ALIANCA;RRAS12;88;89;83;86;73;71
353282 NOVA CAMPINA;RRAS8;118;142;122;116;126;119
353284 NOVA CANAA PAULISTA;RRAS12;17;18;14;12;18;10
353286 NOVA CASTILHO;RRAS19;17;7;9;5;13;10
353290 NOVA EUROPA;RRAS18;143;114;133;113;94;92
353300 NOVA GRANADA;RRAS12;265;249;247;235;236;210
353310 NOVA GUATAPORANGA;RRAS11;33;26;29;22;21;18
353320 NOVA INDEPENDENCIA;RRAS19;59;60;47;49;41;51
353330 NOVA LUZITANIA;RRAS19;35;23;19;23;24;20
353340 NOVA ODESSA;RRAS15;702;685;621;681;577;615
353325 NOVAIS;RRAS12;49;58;57;57;51;67
353350 NOVO HORIZONTE;RRAS12;486;490;429;405;390;406
353360 NUPORANGA;RRAS13;82;83;86;87;74;70
353370 OCAUCU;RRAS10;63;71;58;58;74;62
353380 OLEO;RRAS10;30;24;23;26;15;17
353390 OLIMPIA;RRAS13;698;690;646;636;621;665
353400 ONDA VERDE;RRAS12;68;69;56;65;52;54
353410 ORIENTE;RRAS10;72;67;70;62;69;60
353420 ORINDIUVA;RRAS12;81;82;76;74;75;78
353430 ORLANDIA;RRAS13;458;474;427;436;413;437
353440 OSASCO;RRAS5;9975;9564;8911;8381;8118;8195
353450 OSCAR BRESSANE;RRAS10;34;18;17;16;15;15
353460 OSVALDO CRUZ;RRAS10;324;296;321;306;314;244
353470 OURINHOS;RRAS10;1298;1282;1308;1174;1171;1139
353480 OURO VERDE;RRAS11;100;103;96;100;99;83
353475 OUROESTE;RRAS12;131;149;98;82;92;102
353490 PACAEMBU;RRAS10;103;108;109;95;93;92
353500 PALESTINA;RRAS12;127;123;135;134;104;120
353510 PALMARES PAULISTA;RRAS12;140;103;138;118;105;89
353520 PALMEIRA D'OESTE;RRAS12;94;62;94;80;71;70
353530 PALMITAL;RRAS10;264;228;214;211;183;221
353540 PANORAMA;RRAS11;201;175;177;181;173;165
353550 PARAGUACU PAULISTA;RRAS10;612;488;524;475;442;429
353560 PARAIBUNA;RRAS17;216;178;195;206;203;196
353570 PARAISO;RRAS12;63;63;53;55;60;56
353580 PARANAPANEMA;RRAS9;244;254;263;268;285;276
353590 PARANAPUA;RRAS12;44;49;51;56;46;50
353600 PARAPUA;RRAS10;101;97;97;102;90;103
353610 PARDINHO;RRAS9;80;107;78;81;103;92
353620 PARIQUERA-ACU;RRAS7;295;278;282;264;238;265
353625 PARISI;RRAS12;36;32;29;29;28;19
353630 PATROCINIO PAULISTA;RRAS13;205;192;178;220;179;172
353640 PAULICEIA;RRAS11;98;108;100;118;99;86
353650 PAULINIA;RRAS15;1543;1526;1424;1326;1351;1400
353657 PAULISTANIA;RRAS9;27;24;28;23;24;27
353660 PAULO DE FARIA;RRAS12;88;74;93;67;74;75
353670 PEDERNEIRAS;RRAS9;579;547;503;533;538;539
353680 PEDRA BELA;RRAS16;78;80;75;77;74;77
353690 PEDRANOPOLIS;RRAS12;31;18;16;25;18;17
353700 PEDREGULHO;RRAS13;191;209;190;192;200;198
353710 PEDREIRA;RRAS15;477;488;438;453;445;485
353715 PEDRINHAS PAULISTA;RRAS10;33;31;31;20;34;28
353720 PEDRO DE TOLEDO;RRAS7;137;108;104;102;91;99
353730 PENAPOLIS;RRAS19;758;760;720;679;680;717
353740 PEREIRA BARRETO;RRAS19;297;255;243;257;198;235
353750 PEREIRAS;RRAS9;113;95;92;90;104;75
353760 PERUIBE;RRAS7;946;941;947;897;905;915
353770 PIACATU;RRAS19;66;59;49;47;54;52
353780 PIEDADE;RRAS8;704;685;662;640;615;633
353790 PILAR DO SUL;RRAS8;385;414;377;395;366;402
353800 PINDAMONHANGABA;RRAS17;2336;2300;2334;2213;2117;2172
353810 PINDORAMA;RRAS12;137;130;146;140;103;134
353820 PINHALZINHO;RRAS16;154;172;169;157;128;164
353830 PIQUEROBI;RRAS11;30;28;30;33;25;40
353850 PIQUETE;RRAS17;139;130;128;118;112;106
353860 PIRACAIA;RRAS16;349;322;316;297;359;313
353870 PIRACICABA;RRAS14;5067;4928;4907;4728;4767;4822
353880 PIRAJU;RRAS9;346;347;360;328;296;289
353890 PIRAJUI;RRAS9;210;244;212;178;182;181
353900 PIRANGI;RRAS12;128;139;107;103;120;102
353910 PIRAPORA DO BOM JESUS;RRAS5;273;258;182;234;236;216
353920 PIRAPOZINHO;RRAS11;310;323;263;263;257;241
353930 PIRASSUNUNGA;RRAS14;888;868;822;785;764;761
353940 PIRATININGA;RRAS9;173;166;183;143;165;155
353950 PITANGUEIRAS;RRAS13;504;471;424;441;392;401
353960 PLANALTO;RRAS12;76;51;59;62;36;50
353970 PLATINA;RRAS10;46;33;40;26;32;38
353980 POA;RRAS2;1588;1456;1367;1251;1261;1249
353990 POLONI;RRAS12;75;66;68;64;62;50
354000 POMPEIA;RRAS10;233;224;221;201;212;207
354010 PONGAI;RRAS9;37;28;35;20;30;39
354020 PONTAL;RRAS13;575;520;526;473;488;468
354025 PONTALINDA;RRAS12;59;52;57;52;46;36
354030 PONTES GESTAL;RRAS12;25;31;24;29;28;19
354040 POPULINA;RRAS12;48;47;41;34;25;32
354050 PORANGABA;RRAS9;92;94;88;90;93;90
354060 PORTO FELIZ;RRAS8;698;698;681;631;609;563
354070 PORTO FERREIRA;RRAS18;606;596;530;569;546;533
354075 POTIM;RRAS17;245;231;261;241;232;220
354080 POTIRENDABA;RRAS12;194;229;212;205;207;224
354085 PRACINHA;RRAS10;10;7;15;13;21;14
354090 PRADOPOLIS;RRAS13;214;211;195;170;150;166
354100 PRAIA GRANDE;RRAS7;4511;4245;4371;4215;4214;4098
354105 PRATANIA;RRAS9;70;80;76;87;81;80
354110 PRESIDENTE ALVES;RRAS9;50;35;45;42;38;38
354120 PRESIDENTE BERNARDES;RRAS11;136;112;110;109;122;91
354130 PRESIDENTE EPITACIO;RRAS11;504;451;452;442;381;397
354140 PRESIDENTE PRUDENTE;RRAS11;2988;2770;2667;2505;2461;2428
354150 PRESIDENTE VENCESLAU;RRAS11;404;370;364;332;281;297
354160 PROMISSAO;RRAS9;435;428;395;348;369;361
354165 QUADRA;RRAS8;43;44;33;47;50;51
354170 QUATA;RRAS11;160;178;155;142;159;125
354180 QUEIROZ;RRAS10;58;44;44;62;51;40
354190 QUELUZ;RRAS17;125;105;108;122;124;85
354200 QUINTANA;RRAS10;95;89;88;93;81;89
354210 RAFARD;RRAS14;110;114;113;117;103;96
354220 RANCHARIA;RRAS11;402;364;366;313;300;342
354230 REDENCAO DA SERRA;RRAS17;47;51;45;45;37;54
354240 REGENTE FEIJO;RRAS11;230;223;212;187;200;230
354250 REGINOPOLIS;RRAS9;43;44;55;55;60;77
354260 REGISTRO;RRAS7;857;879;760;783;703;732
354270 RESTINGA;RRAS13;105;87;118;100;83;77
354280 RIBEIRA;RRAS8;33;41;41;45;38;34
354290 RIBEIRAO BONITO;RRAS18;159;158;131;118;134;113
354300 RIBEIRAO BRANCO;RRAS8;320;287;288;266;245;230
354310 RIBEIRAO CORRENTE;RRAS13;62;78;61;49;58;45
354320 RIBEIRAO DO SUL;RRAS10;42;55;57;52;51;43
354323 RIBEIRAO DOS INDIOS;RRAS11;21;22;15;16;15;11
354325 RIBEIRAO GRANDE;RRAS8;90;100;86;92;78;92
354330 RIBEIRAO PIRES;RRAS1;1374;1432;1261;1099;1052;1043
354340 RIBEIRAO PRETO;RRAS13;8404;8153;8009;7750;7945;7500
354360 RIFAINA;RRAS13;39;56;50;42;45;45
354370 RINCAO;RRAS18;121;106;113;108;80;81
354380 RINOPOLIS;RRAS10;100;97;101;76;93;101
354390 RIO CLARO;RRAS14;2492;2522;2240;2277;2233;2099
354400 RIO DAS PEDRAS;RRAS14;439;407;344;368;365;342
354410 RIO GRANDE DA SERRA;RRAS1;547;501;531;489;466;465
354420 RIOLANDIA;RRAS12;123;110;126;125;97;102
354350 RIVERSUL;RRAS8;64;81;76;52;58;73
354425 ROSANA;RRAS11;218;204;224;193;201;150
354430 ROSEIRA;RRAS17;135;142;123;104;95;112
354440 RUBIACEA;RRAS19;42;21;37;27;22;26
354450 RUBINEIA;RRAS12;53;32;44;36;36;24
354460 SABINO;RRAS9;64;57;50;46;38;53
354470 SAGRES;RRAS10;33;28;30;29;32;24
354480 SALES;RRAS12;65;53;58;33;55;74
354490 SALES OLIVEIRA;RRAS13;131;113;127;104;128;132
354500 SALESOPOLIS;RRAS2;218;212;202;211;177;179
354510 SALMOURAO;RRAS10;69;76;51;51;44;55
354515 SALTINHO;RRAS14;91;93;84;77;85;80
354520 SALTO;RRAS8;1712;1663;1643;1607;1597;1632
354530 SALTO DE PIRAPORA;RRAS8;540;515;494;455;484;520
354540 SALTO GRANDE;RRAS10;116;94;114;119;88;113
354550 SANDOVALINA;RRAS11;44;47;56;46;47;45
354560 SANTA ADELIA;RRAS12;146;150;146;154;153;138
354570 SANTA ALBERTINA;RRAS12;63;82;67;70;57;69
354580 SANTA BARBARA D'OESTE;RRAS15;2397;2188;2126;2004;1928;1971
354600 SANTA BRANCA;RRAS17;156;153;146;139;125;153
354610 SANTA CLARA D'OESTE;RRAS12;34;33;30;32;24;17
354620 SANTA CRUZ DA CONCEICAO;RRAS14;37;27;28;30;30;25
354625 SANTA CRUZ DA ESPERANCA;RRAS13;32;14;25;23;23;25
354630 SANTA CRUZ DAS PALMEIRAS;RRAS15;382;371;350;343;341;342
354640 SANTA CRUZ DO RIO PARDO;RRAS10;597;605;606;505;597;556
354650 SANTA ERNESTINA;RRAS18;77;65;73;71;71;56
354660 SANTA FE DO SUL;RRAS12;402;413;400;437;394;361
354670 SANTA GERTRUDES;RRAS14;326;310;320;301;262;301
354680 SANTA ISABEL;RRAS2;695;729;651;656;605;588
354690 SANTA LUCIA;RRAS18;100;86;75;67;82;78
354700 SANTA MARIA DA SERRA;RRAS14;88;68;69;69;59;65
354710 SANTA MERCEDES;RRAS11;24;28;30;32;31;45
354750 SANTA RITA DO PASSA QUATRO;RRAS13;249;228;238;218;216;203
354740 SANTA RITA D'OESTE;RRAS12;29;27;21;26;20;14
354760 SANTA ROSA DE VITERBO;RRAS13;284;232;211;199;214;201
354765 SANTA SALETE;RRAS12;16;15;18;18;12;12
354720 SANTANA DA PONTE PENSA;RRAS12;12;12;7;21;15;13
354730 SANTANA DE PARNAIBA;RRAS5;2313;2333;2400;2287;2226;2166
354770 SANTO ANASTACIO;RRAS11;208;202;196;190;184;184
354780 SANTO ANDRE;RRAS1;8995;8990;8598;7992;7625;7378
354790 SANTO ANTONIO DA ALEGRIA;RRAS13;75;75;83;84;79;54
354800 SANTO ANTONIO DE POSSE;RRAS15;284;269;272;270;280;278
354805 SANTO ANTONIO DO ARACANGUA;RRAS19;101;112;76;94;67;76
354810 SANTO ANTONIO DO JARDIM;RRAS15;69;64;58;57;56;64
354820 SANTO ANTONIO DO PINHAL;RRAS17;89;88;69;88;83;94
354830 SANTO EXPEDITO;RRAS11;35;34;38;40;32;31
354840 SANTOPOLIS DO AGUAPEI;RRAS19;56;52;46;43;47;44
354850 SANTOS;RRAS7;4569;4364;4084;3884;3754;3733
354860 SAO BENTO DO SAPUCAI;RRAS17;128;106;105;127;101;105
354870 SAO BERNARDO DO CAMPO;RRAS1;10723;9889;9158;8576;8030;7815
354880 SAO CAETANO DO SUL;RRAS1;1723;1631;1525;1397;1387;1345
354890 SAO CARLOS;RRAS18;3247;2961;2995;2837;2607;2631
354900 SAO FRANCISCO;RRAS12;26;22;24;19;29;25
354910 SAO JOAO DA BOA VISTA;RRAS15;1096;1005;991;925;922;928
354920 SAO JOAO DAS DUAS PONTES;RRAS12;28;33;25;13;29;33
354925 SAO JOAO DE IRACEMA;RRAS12;25;16;20;20;25;13
354930 SAO JOAO DO PAU D'ALHO;RRAS11;17;31;16;13;19;27
354940 SAO JOAQUIM DA BARRA;RRAS13;578;553;543;499;486;564
354950 SAO JOSE DA BELA VISTA;RRAS13;94;87;83;83;75;70
354960 SAO JOSE DO BARREIRO;RRAS17;42;39;43;42;39;41
354970 SAO JOSE DO RIO PARDO;RRAS15;674;661;647;542;538;520
354980 SAO JOSE DO RIO PRETO;RRAS12;5627;5678;5538;5206;5004;5079
354990 SAO JOSE DOS CAMPOS;RRAS17;9686;9076;8682;8545;8072;8090
354995 SAO LOURENCO DA SERRA;RRAS4;195;196;195;175;204;159
355000 SAO LUIS DO PARAITINGA;RRAS17;108;97;106;103;105;101
355010 SAO MANUEL;RRAS9;468;426;492;436;422;397
355020 SAO MIGUEL ARCANJO;RRAS8;407;407;357;354;351;360
355030 SAO PAULO;RRAS6;165355;158587;147133;136732;132050;128720
355040 SAO PEDRO;RRAS14;418;419;395;396;409;392
355050 SAO PEDRO DO TURVO;RRAS10;112;93;78;85;89;87
355060 SAO ROQUE;RRAS8;1080;1063;966;897;904;869
355070 SAO SEBASTIAO;RRAS17;1295;1231;1178;1193;1111;1107
355080 SAO SEBASTIAO DA GRAMA;RRAS15;109;102;76;73;95;80
355090 SAO SIMAO;RRAS13;143;145;128;117;123;126
355100 SAO VICENTE;RRAS7;4569;4298;4160;3880;3497;3661
355110 SARAPUI;RRAS8;102;109;112;106;110;124
355120 SARUTAIA;RRAS9;39;50;49;45;49;44
355130 SEBASTIANOPOLIS DO SUL;RRAS12;46;37;35;32;27;36
355140 SERRA AZUL;RRAS13;113;111;115;109;104;106
355160 SERRA NEGRA;RRAS15;344;316;292;295;253;254
355150 SERRANA;RRAS13;619;615;570;527;542;573
355170 SERTAOZINHO;RRAS13;1580;1629;1565;1486;1437;1441
355180 SETE BARRAS;RRAS7;219;195;197;206;144;174
355190 SEVERINIA;RRAS13;204;205;187;169;147;151
355200 SILVEIRAS;RRAS17;72;67;62;69;71;79
355210 SOCORRO;RRAS16;389;437;395;376;408;383
355220 SOROCABA;RRAS8;9418;8914;8963;8677;8814;8749
355230 SUD MENNUCCI;RRAS19;118;86;101;88;75;89
355240 SUMARE;RRAS15;3880;3889;3620;3396;3252;3329
355255 SUZANAPOLIS;RRAS19;42;29;29;47;30;29
355250 SUZANO;RRAS2;4489;4287;4279;4188;3968;3942
355260 TABAPUA;RRAS12;108;113;99;100;94;112
355270 TABATINGA;RRAS18;196;200;185;182;180;161
355280 TABOAO DA SERRA;RRAS4;4330;4055;3811;3546;3298;3203
355290 TACIBA;RRAS11;79;77;65;83;88;89
355300 TAGUAI;RRAS9;191;200;203;188;150;183
355310 TAIACU;RRAS13;67;72;60;65;49;72
355320 TAIUVA;RRAS13;68;47;60;45;52;60
355330 TAMBAU;RRAS15;272;283;245;254;235;230
355340 TANABI;RRAS12;251;281;295;265;261;263
355350 TAPIRAI;RRAS8;119;97;106;99;99;90
355360 TAPIRATIBA;RRAS15;127;112;124;96;89;108
355365 TAQUARAL;RRAS13;29;28;24;20;20;28
355370 TAQUARITINGA;RRAS18;614;568;559;550;527;498
355380 TAQUARITUBA;RRAS9;330;331;297;287;275;286
355385 TAQUARIVAI;RRAS8;122;108;93;94;74;80
355390 TARABAI;RRAS11;95;85;84;66;63;83
355395 TARUMA;RRAS10;211;190;183;172;185;176
355400 TATUI;RRAS8;1741;1602;1541;1513;1689;1573
355410 TAUBATE;RRAS17;3909;3851;3564;3514;3348;3323
355420 TEJUPA;RRAS9;68;74;60;55;51;47
355430 TEODORO SAMPAIO;RRAS11;333;328;299;297;250;278
355440 TERRA ROXA;RRAS13;99;94;77;74;71;95
355450 TIETE;RRAS8;512;486;425;444;439;427
355460 TIMBURI;RRAS10;21;21;18;16;16;21
355465 TORRE DE PEDRA;RRAS9;27;29;24;28;25;22
355470 TORRINHA;RRAS9;115;97;104;87;105;82
355475 TRABIJU;RRAS18;14;27;18;21;19;17
355480 TREMEMBE;RRAS17;517;574;486;422;452;430
355490 TRES FRONTEIRAS;RRAS12;67;70;84;67;59;65
355495 TUIUTI;RRAS16;66;64;66;65;57;65
355500 TUPA;RRAS10;780;695;639;670;598;642
355510 TUPI PAULISTA;RRAS11;118;126;139;124;134;135
355520 TURIUBA;RRAS19;12;15;16;13;15;11
355530 TURMALINA;RRAS12;14;11;20;13;12;10
355535 UBARANA;RRAS12;77;89;86;58;55;61
355540 UBATUBA;RRAS17;1392;1312;1343;1290;1234;1280
355550 UBIRAJARA;RRAS10;94;66;67;76;73;56
355560 UCHOA;RRAS12;95;111;106;104;96;92
355570 UNIAO PAULISTA;RRAS12;34;24;21;24;20;20
355580 URANIA;RRAS12;89;90;83;78;85;96
355590 URU;RRAS9;21;11;13;14;12;15
355600 URUPES;RRAS12;136;118;127;136;136;123
355610 VALENTIM GENTIL;RRAS12;177;178;174;154;166;159
355620 VALINHOS;RRAS15;1432;1362;1258;1247;1233;1251
355630 VALPARAISO;RRAS19;319;304;288;269;256;243
355635 VARGEM;RRAS16;120;108;109;113;122;131
355640 VARGEM GRANDE DO SUL;RRAS15;566;529;495;517;465;495
355645 VARGEM GRANDE PAULISTA;RRAS4;760;816;670;715;670;680
355650 VARZEA PAULISTA;RRAS16;1427;1368;1221;1241;1292;1163
355660 VERA CRUZ;RRAS10;126;110;112;79;110;88
355670 VINHEDO;RRAS15;928;939;878;824;880;787
355680 VIRADOURO;RRAS13;234;233;212;206;211;186
355690 VISTA ALEGRE DO ALTO;RRAS13;95;115;94;104;72;92
355695 VITORIA BRASIL;RRAS12;15;19;15;18;26;24
355700 VOTORANTIM;RRAS8;1683;1642;1608;1529;1591;1502
355710 VOTUPORANGA;RRAS12;1130;1166;1076;1108;1073;1040
355715 ZACARIAS;RRAS12;25;25;27;25;18;16
